name,chance_pct,bid_cents,ask_cents,last_trade_cents,kalshi_ticker,downloaded_at
Ariel Pakes,23,22,23,23,KXNOBELECON-26-ARI,2026-09-27 01:06 UTC
Richard Blundell,13,9,16,14,KXNOBELECON-26-RIC,2026-09-27 01:06 UTC
Susan Athey,13,9,16,16,KXNOBELECON-26-SUS,2026-09-27 01:06 UTC
Robert Barro,11,7,14,0,KXNOBELECON-26-ROB,2026-09-27 01:06 UTC
Partha Dasgupta,10,6,13,6,KXNOBELECON-26-PAR,2026-09-27 01:06 UTC
Ernst Fehr,10,6,14,0,KXNOBELECON-26-ERN,2026-09-27 01:06 UTC
Andreu Mas-Colell,10,6,14,0,KXNOBELECON-26-AND,2026-09-27 01:06 UTC
Matthew Rabin,9,5,13,0,KXNOBELECON-26-MAT,2026-09-27 01:06 UTC
Luigi Zingales,5,2,8,2,KXNOBELECON-26-LUI,2026-09-27 01:06 UTC
