name,year
Joel Mokyr,2025
Peter Howitt,2025
Philippe Aghion,2025
Daron Acemoglu,2024
James A. Robinson,2024
Simon Johnson,2024
Claudia Goldin,2023
Ben Bernanke,2022
Douglas Diamond,2022
Philip Dybvig,2022
David Card,2021
Guido W. Imbens,2021
Joshua D. Angrist,2021
Paul R. Milgrom,2020
Robert B. Wilson,2020
Abhijit Banerjee,2019
Esther Duflo,2019
Michael Kremer,2019
Paul M. Romer,2018
William D. Nordhaus,2018
Richard H. Thaler,2017
Bengt Holmström,2016
Oliver Hart,2016
Angus Deaton,2015
Jean Tirole,2014
Eugene F. Fama,2013
Lars Peter Hansen,2013
Robert J. Shiller,2013
Alvin E. Roth,2012
Lloyd S. Shapley,2012
Christopher A. Sims,2011
Thomas J. Sargent,2011
Christopher A. Pissarides,2010
Dale T. Mortensen,2010
Peter A. Diamond,2010
Elinor Ostrom,2009
Oliver E. Williamson,2009
Paul Krugman,2008
Eric S. Maskin,2007
Leonid Hurwicz,2007
Roger B. Myerson,2007
Edmund S. Phelps,2006
Robert J. Aumann,2005
Thomas C. Schelling,2005
Edward C. Prescott,2004
Finn E. Kydland,2004
Clive W.J. Granger,2003
Robert F. Engle III,2003
Daniel Kahneman,2002
Vernon L. Smith,2002
A. Michael Spence,2001
George A. Akerlof,2001
Joseph E. Stiglitz,2001
Daniel L. McFadden,2000
James J. Heckman,2000
Robert Mundell,1999
Amartya Sen,1998
Myron Scholes,1997
Robert C. Merton,1997
James A. Mirrlees,1996
William Vickrey,1996
Robert E. Lucas Jr.,1995
John C. Harsanyi,1994
John F. Nash Jr.,1994
Reinhard Selten,1994
Douglass C. North,1993
Robert W. Fogel,1993
Gary Becker,1992
Ronald H. Coase,1991
Harry M. Markowitz,1990
Merton H. Miller,1990
William F. Sharpe,1990
Trygve Haavelmo,1989
Maurice Allais,1988
Robert M. Solow,1987
James M. Buchanan Jr.,1986
Franco Modigliani,1985
Richard Stone,1984
Gerard Debreu,1983
George J. Stigler,1982
James Tobin,1981
Lawrence R. Klein,1980
Sir Arthur Lewis,1979
Theodore W. Schultz,1979
Herbert Simon,1978
Bertil Ohlin,1977
James E. Meade,1977
Milton Friedman,1976
Leonid Vitaliyevich Kantorovich,1975
Tjalling C. Koopmans,1975
Friedrich von Hayek,1974
Gunnar Myrdal,1974
Wassily Leontief,1973
John R. Hicks,1972
Kenneth J. Arrow,1972
Simon Kuznets,1971
Paul A. Samuelson,1970
Jan Tinbergen,1969
Ragnar Frisch,1969
